INSERT INTO
    restaurants (
        id,
        name,
        address,
        url,
        image,
        website
    )
VALUES (
        '001',
        'American Humo y Fuego',
        'Calle Jerusalén, 16, 03001 Alicante',
        'https://www.google.com/maps/embed?pb=!1m18!1m12!1m3!1d3129.17993172406!2d-0.4897914592129459!3d38.344817279235855!2m3!1f0!2f0!3f0!3m2!1i1024!2i768!4f13.1!3m3!1m2!1s0xd62372de5fd5115%3A0x12ed9a8879c6a1c!2sAmerican%20Humo%20y%20Fuego!5e0!3m2!1sen!2ses!4v1732158400875!5m2!1sen!2ses',
        '/img/rest001.png',
        'https://www.instagram.com/american_humoyfuego/'
    ),
    (
        '002',
        'Circo Alicante',
        'Calle del Teatro, 8, 03001 Alicante',
        'https://www.google.com/maps/embed?pb=!1m18!1m12!1m3!1d100132.23887823662!2d-0.5560485417969179!3d38.34591599999999!2m3!1f0!2f0!3f0!3m2!1i1024!2i768!4f13.1!3m3!1m2!1s0xd6237b2cf629f09%3A0xf75a5184322e3362!2sCirco%20Alicante!5e0!3m2!1sen!2ses!4v1740256370310!5m2!1sen!2ses',
        '/img/rest002.png',
        'https://circorestaurante.com/'
    ),
    (
        '003',
        'Los Vikingos',
        'Calle del Regidor Lorenzo Llaneras, 5, 03005, Alicante',
        'https://www.google.com/maps/embed?pb=!1m18!1m12!1m3!1d3129.0176003137753!2d-0.5032003246218645!3d38.348574678901144!2m3!1f0!2f0!3f0!3m2!1i1024!2i768!4f13.1!3m3!1m2!1s0xd62365b0d7a184b%3A0x413d96f7c4cde333!2sLos%20Vikingos!5e0!3m2!1sen!2ses!4v1740257052718!5m2!1sen!2ses',
        '/img/rest003.png',
        'http://www.losvikingosalicante.com/'
    ),
    (
        '004',
        'Aires Burger Bar',
        'Calle Poeta Quintana, 49, 03004 Alicante',
        'https://www.google.com/maps/embed?pb=!1m18!1m12!1m3!1d3129.0576940635165!2d-0.48761982462192377!3d38.34764667895516!2m3!1f0!2f0!3f0!3m2!1i1024!2i768!4f13.1!3m3!1m2!1s0xd6237b53be7e601%3A0x2ae61b6e2ebeb2c9!2sAires%20Burger%20Bar%20%7C%20Alicante%20%7C%20Hamburgueser%C3%ADa%20en%20Alicante!5e0!3m2!1sen!2ses!4v1740257169160!5m2!1sen!2ses',
        '/img/rest004.png',
        'https://airesburgerbar.com/alicante/'
    ),
    (
        '005',
        'La Escondida Lunch & Grill',
        'Calle del Marqués de Molins, 69, 03004, Alicante',
        'https://www.google.com/maps/embed?pb=!1m18!1m12!1m3!1d3129.004941233067!2d-0.49488162462183893!3d38.34886767888413!2m3!1f0!2f0!3f0!3m2!1i1024!2i768!4f13.1!3m3!1m2!1s0xd62370190533453%3A0x24946cff26d574d0!2sLa%20Escondida%20Lunch%20%26%20Grill!5e0!3m2!1sen!2ses!4v1740257237786!5m2!1sen!2ses',
        '/img/rest005.png',
        'http://laescondidagrill.es/'
    ),
    (
        '006',
        'Cabaña Grill Alicante',
        'Calle Poeta Carmelo Calvo, 15, 03004, Alicante',
        'https://www.google.com/maps/embed?pb=!1m18!1m12!1m3!1d6257.736470461597!2d-0.4898141246216614!3d38.352031678699504!2m3!1f0!2f0!3f0!3m2!1i1024!2i768!4f13.1!3m3!1m2!1s0xd62377cb71d857d%3A0x16d705dce46b9554!2sCaba%C3%B1a%20Grill!5e0!3m2!1sen!2ses!4v1740257317458!5m2!1sen!2ses',
        '/img/rest006.png',
        'https://cabañagrill.com/'
    ),
    (
        '007',
        'Luna de Alberdi Burger Bar',
        'Calle Calderón de la Barca, 44, Local A, 03004, Alicante',
        'https://www.google.com/maps/embed?pb=!1m18!1m12!1m3!1d3128.9137847950396!2d-0.4877859246217383!3d38.35097747876109!2m3!1f0!2f0!3f0!3m2!1i1024!2i768!4f13.1!3m3!1m2!1s0xd6237ac5db9e533%3A0x57c3ce8eb154a95!2sLuna%20De%20Alberdi%20Burger%20Bar!5e0!3m2!1sen!2ses!4v1740257426892!5m2!1sen!2ses',
        '/img/rest007.png',
        'https://www.instagram.com/lunadealberdiburger/'
    ),
    (
        '008',
        'La Folie Alacant',
        'Calle Bailén, 29, 03001, Alicante',
        'https://www.google.com/maps/embed?pb=!1m18!1m12!1m3!1d6258.267757134054!2d-0.48754612462198094!3d38.345883279058164!2m3!1f0!2f0!3f0!3m2!1i1024!2i768!4f13.1!3m3!1m2!1s0xd6237b2683c04cd%3A0xab26015edb856a74!2sLa%20Folie%20Alacant!5e0!3m2!1sen!2ses!4v1740258147902!5m2!1sen!2ses',
        '/img/rest008.png',
        'http://www.lafolieconcept.com/'
    ),
    (
        '009',
        'BIG TWINS Burger',
        'Calle Tucumán, 12, 03005, Alicante',
        'https://www.google.com/maps/embed?pb=!1m18!1m12!1m3!1d3129.1080649935916!2d-0.4947172246219624!3d38.34648077902332!2m3!1f0!2f0!3f0!3m2!1i1024!2i768!4f13.1!3m3!1m2!1s0xd623723c68deb7b%3A0x7b03033e55daa97!2sBIG%20TWINS%20Burger!5e0!3m2!1sen!2ses!4v1740258359867!5m2!1sen!2ses',
        '/img/rest009.png',
        'https://bigtwinsburger.com/'
    ),
    (
        '010',
        'Tepuy Burger (Garbinet)',
        'Avenida Periodista Rodolfo de Salazar, 29, 03015, Alicante',
        'https://www.google.com/maps/embed?pb=!1m18!1m12!1m3!1d50050.52379587821!2d-0.5094507944950606!3d38.36847228488958!2m3!1f0!2f0!3f0!3m2!1i1024!2i768!4f13.1!3m3!1m2!1s0xd623708bc5eca99%3A0x272d0a5db8b66c84!2sTepuy%20Burger%20%7C%20Hamburgueser%C3%ADa%20en%20Alicante!5e0!3m2!1sen!2ses!4v1746375056913!5m2!1sen!2ses',
        '/img/rest010.png',
        'https://www.tepuyburger.es/'
    ),
    (
        '011',
        'Umbrella Sociedad de Hamburguesas',
        'Avenida Goleta, 25, 03540, Alicante',
        'https://www.google.com/maps/embed?pb=!1m18!1m12!1m3!1d50060.677755075885!2d-0.49533094556841234!3d38.35378768910869!2m3!1f0!2f0!3f0!3m2!1i1024!2i768!4f13.1!3m3!1m2!1s0xd6239bb61f793b5%3A0x2048889498f7fd8e!2sUmbrella%20Sociedad%20de%20Hamburguesas!5e0!3m2!1sen!2ses!4v1740258925519!5m2!1sen!2ses',
        '/img/rest011.png',
        'https://umbrellash.es/'
    ),
    (
        '012',
        'Apache Burger Grill',
        'Avenida Joaquín Arias, 03540 Alicante',
        'https://www.google.com/maps/embed?pb=!1m18!1m12!1m3!1d3127.5544111503687!2d-0.41713071768674376!3d38.382428304329785!2m3!1f0!2f0!3f0!3m2!1i1024!2i768!4f13.1!3m3!1m2!1s0xd623997ce8ca351%3A0xafce637728dd7662!2sApache%20Burger%20Grill!5e0!3m2!1sen!2ses!4v1740259161235!5m2!1sen!2ses',
        '/img/rest012.png',
        'http://www.apacheburgergrill.com/'
    ),
    (
        '013',
        'Liberty Kitchen',
        'Calle Poeta Quintana, 70, 03004, Alicante',
        'https://www.google.com/maps/embed?pb=!1m18!1m12!1m3!1d3721.1143426287085!2d-0.4960818416719062!3d38.34732223117356!2m3!1f0!2f0!3f0!3m2!1i1024!2i768!4f13.1!3m3!1m2!1s0xd6237ded05ab1f1%3A0xfff72de5db8e3934!2sLiberty%20Kitchen!5e0!3m2!1sen!2ses!4v1740259350806!5m2!1sen!2ses',
        '/img/rest013.png',
        'https://www.instagram.com/libertykitchenalicante/'
    );
INSERT INTO
    burgers (
        id,
        name,
        restaurant_id,
        main_ingredient,
        amount,
        bread,
        ingredients,
        more_ingredients,
        price,
        image
    )
VALUES (
        '001',
        'Brisket Burger',
        '001',
        'brisket',
        NULL,
        'potato roll',
        'thin pickle slices',
        NULL,
        15.00,
        '/img/001.png'
    ),
    (
        '002',
        'Guanciale Glow',
        '001',
        'aged beef',
        180,
        'brioche',
        'provolone cheese, caramelised in cocacola onion, Italian guanciale',
        NULL,
        11.00,
        '/img/002.png'
    ),
    (
        '003',
        'Circo',
        '002',
        '''Vaca Vieja'' Beef',
        200,
        'Brioche',
        'Batavia Lettuce, Fresh Tomato, Red Onion, English Cheddar Cheese, CIRCO Sauce',
        NULL,
        12.00,
        '/img/003.png'
    ),
    (
        '004',
        'La Caprichosa',
        '010',
        'Galician Blonde Beef',
        150,
        'burger bun',
        'goat cheese, tomato marmalade, crunchy onion',
        NULL,
        10.00,
        '/img/004.png'
    ),
    (
        '005',
        'Cheesebacon',
        '010',
        'Galician Blonde Beef',
        NULL,
        'burger bun',
        'cheddar cheese, bacon, lettuce, tomato, grilled onion',
        NULL,
        12.50,
        '/img/005.png'
    ),
    (
        '006',
        'b-pop',
        '011',
        'Premium Beef',
        NULL,
        'Brioche',
        'Monterey Jack Cheese, Low Temperature Korean Pulled Pork, Maple Caramelised Bacon Bits, Gangnam Style Sauce, Takis Rain.',
        NULL,
        14.00,
        '/img/006.png'
    ),
    (
        '007',
        'Smokehouse',
        '012',
        'beef',
        NULL,
        'artisanal bread',
        'smoked cheese, bacon, chipotle cream, crunchy onion, mesclun, tomato, honey mustard sauce',
        NULL,
        13.50,
        '/img/007.png'
    ),
    (
        '008',
        'Cherokee Bourbon',
        '012',
        'beef',
        NULL,
        'artisanal bread',
        'bourbon sauce, emmenthal cheese, blue cheese, bacon, mesclun, honey mustard sauce, tomato',
        NULL,
        12.50,
        '/img/008.png'
    ),
    (
        '009',
        'Cordero Burger',
        '013',
        'leg of lamb, double minced',
        170,
        'baker''s bread',
        'fresh artisan cheese, za''atar, rocket, lemon, lettuce, A+ tomato, thinly sliced onion, sundried tomato mayo',
        NULL,
        13.00,
        '/img/009.png'
    ),
    (
        '010',
        'Brie Burger',
        '013',
        'Avila beef, double minced daily',
        180,
        'baker''s bread',
        'Brie de Meaux, roasted cherry tomato, smoked ham from Ourense, basil mayo, thinly sliced onion, lollo rosso lettuce',
        NULL,
        13.00,
        '/img/010.png'
    ),
    (
        '011',
        'Campiña',
        '002',
        'Organic Mushroom Burger',
        NULL,
        'Brioche',
        'Melted Havarti Cheese, Tomato, Truffled Mayonnaise',
        NULL,
        12.00,
        '/img/011.png'
    ),
    (
        '012',
        'Viva México 2.0',
        '002',
        '''Vaca Vieja'' Beef',
        NULL,
        'Brioche',
        'Smoked White Cheddar, Fresh Guacamole, Pico de Gallo, Chilli Mayo',
        'avocado, coriander, lime, cilantro',
        13.50,
        '/img/012.png'
    ),
    (
        '013',
        'Don Lucio',
        '002',
        '''Vaca Vieja'' Beef',
        NULL,
        'Brioche',
        'Smoked White Cheddar, Txistorra Bits, Fried Egg, Crispy Straw Potatoes, ''Don Lucio'' Mayo',
        NULL,
        13.90,
        '/img/013.png'
    );
INSERT INTO
    users (
        id,
        username,
        email,
        password,
        role
    )
VALUES (
        1,
        'AtteneriCimadevilla',
        'attrodsan@alu.edu.gva.es',
        '1234',
        'admin'
    ),
    (
        2,
        'TestUser1',
        'testuser1@mail.com',
        '1234',
        'user'
    );
INSERT INTO
    reviews (
        burger_id,
        user_id,
        taste_rating,
        presentation_rating,
        quality_price_rating,
        comment
    )
VALUES ('001', 1, 10, 9, 9, NULL),
    ('002', 1, 10, 10, 9, NULL),
    ('003', 1, 9, 9, 9, NULL),
    ('004', 1, 8, 8, 8, NULL),
    ('005', 1, 8, 7, 8, NULL),
    ('006', 1, 10, 9, 8, NULL),
    ('007', 1, 8, 8, 8, NULL),
    ('008', 1, 9, 9, 8, NULL),
    ('009', 1, 10, 9, 9, NULL),
    ('010', 1, 10, 9, 9, NULL),
    ('011', 1, 8, 7, 8, NULL),
    ('012', 1, 9, 9, 8, NULL),
    ('013', 1, 9, 9, 8, NULL);